s1,s2,result
0,0,0
1.71807e+10,1.71807e+10,0
1.71807e+10,1.71807e+10,0
1.71807e+10,1.71807e+10,0
6.49775e+10,5.66772e+10,8.30027e+09
6.49775e+10,5.66772e+10,8.30027e+09
1.39135e+11,1.07161e+11,3.19741e+10
1.39135e+11,1.07161e+11,3.19741e+10
2.32394e+11,1.52342e+11,8.00513e+10
3.49044e+11,2.06278e+11,1.42766e+11
4.86214e+11,2.64526e+11,2.21688e+11
6.40525e+11,3.22288e+11,3.18237e+11
6.40525e+11,3.22288e+11,3.18237e+11
7.83454e+11,3.32293e+11,4.51161e+11
9.32501e+11,3.33321e+11,5.9918e+11
1.084e+12,3.25287e+11,7.58708e+11
1.084e+12,3.25287e+11,7.58708e+11
1.084e+12,3.25287e+11,7.58708e+11
1.084e+12,3.25287e+11,7.58708e+11
1.11151e+12,2.09855e+11,9.01655e+11
1.13017e+12,1.13219e+11,1.01695e+12
1.13017e+12,1.13219e+11,1.01695e+12
1.13017e+12,1.13219e+11,1.01695e+12
1.13017e+12,1.13219e+11,1.01695e+12
1.13017e+12,1.13219e+11,1.01695e+12
1.13017e+12,1.13219e+11,1.01695e+12
1.13017e+12,1.13219e+11,1.01695e+12
1.13017e+12,1.13219e+11,1.01695e+12
8.95578e+11,1.55098e+11,7.40479e+11
8.95578e+11,1.55098e+11,7.40479e+11
8.95578e+11,1.55098e+11,7.40479e+11
6.64795e+11,2.75027e+11,3.89768e+11
4.69788e+11,4.26534e+11,4.32532e+10
3.15359e+11,5.97143e+11,-2.81784e+11
3.15359e+11,5.97143e+11,-2.81784e+11
2.18463e+11,7.30438e+11,-5.11975e+11
2.18463e+11,7.30438e+11,-5.11975e+11
2.18463e+11,7.30438e+11,-5.11975e+11
2.18463e+11,7.30438e+11,-5.11975e+11
2.18463e+11,7.30438e+11,-5.11975e+11
2.45075e+11,6.02683e+11,-3.57609e+11
2.45075e+11,6.57265e+11,-4.1219e+11
3.41656e+11,4.96678e+11,-1.55022e+11
3.41656e+11,4.96678e+11,-1.55022e+11
3.41656e+11,4.38963e+11,-9.73075e+10
5.06802e+11,2.82458e+11,2.24344e+11
5.06802e+11,1.98585e+11,3.08217e+11
5.06802e+11,1.98585e+11,3.08217e+11
3.43451e+11,1.99886e+11,1.43565e+11
2.23659e+11,2.01916e+11,2.1743e+10
2.23659e+11,1.10572e+11,1.13087e+11
1.64752e+11,1.05491e+11,5.92612e+10
2.07833e+11,5.58802e+10,1.51953e+11
2.07833e+11,1.31872e+10,1.94646e+11
2.07833e+11,1.0445e+10,1.97388e+11
2.18175e+11,2.25637e+10,1.95611e+11
2.18175e+11,2.25637e+10,1.95611e+11
2.18175e+11,2.25637e+10,1.95611e+11
2.18175e+11,2.25637e+10,1.95611e+11
3.27753e+11,7.56963e+10,2.52057e+11
4.82702e+11,1.55732e+11,3.2697e+11
4.82702e+11,1.55732e+11,3.2697e+11
4.82702e+11,1.55732e+11,3.2697e+11
3.19487e+11,7.08778e+10,2.4861e+11
1.96359e+11,2.80187e+10,1.6834e+11
1.16348e+11,3.06843e+10,8.56637e+10
1.16348e+11,3.06843e+10,8.56637e+10
1.16348e+11,3.06843e+10,8.56637e+10
1.16348e+11,5.98325e+10,5.65155e+10
1.20096e+11,1.30937e+11,-1.08414e+10
1.20096e+11,1.30937e+11,-1.08414e+10
9.0054e+10,1.8739e+11,-9.73362e+10
8.23908e+10,2.99696e+11,-2.17306e+11
9.72951e+10,4.58606e+11,-3.61311e+11
9.45516e+10,3.63581e+11,-2.6903e+11
8.50666e+10,5.32707e+11,-4.4764e+11
8.50666e+10,5.32707e+11,-4.4764e+11
1.18435e+11,3.64104e+11,-2.45668e+11
1.18435e+11,3.64104e+11,-2.45668e+11
1.18435e+11,3.64104e+11,-2.45668e+11
5.66514e+10,3.73867e+11,-3.17216e+11
5.66514e+10,2.43694e+11,-1.87042e+11
5.66514e+10,1.34617e+11,-7.79658e+10
1.33383e+11,1.02733e+11,3.06498e+10
1.33383e+11,5.23018e+10,8.10808e+10
5.54917e+10,1.10234e+10,4.44683e+10
1.44781e+10,8.87578e+09,5.60228e+09
1.44781e+10,8.87578e+09,5.60228e+09
1.44781e+10,8.87578e+09,5.60228e+09
1.44781e+10,8.87578e+09,5.60228e+09
2.45228e+10,5.00721e+10,-2.55493e+10
1.00067e+10,2.09405e+10,-1.09337e+10
2.86367e+10,7.59198e+10,-4.72831e+10
2.86367e+10,1.06819e+11,-7.81821e+10
8.79665e+10,2.07691e+11,-1.19725e+11
8.79665e+10,2.07691e+11,-1.19725e+11
8.79665e+10,2.07691e+11,-1.19725e+11
3.06944e+10,1.05452e+11,-7.47581e+10
1.17824e+10,4.00907e+10,-2.83083e+10
1.17824e+10,4.00907e+10,-2.83083e+10
1.17824e+10,4.00907e+10,-2.83083e+10
1.17824e+10,4.00907e+10,-2.83083e+10
4.4257e+10,5.66995e+10,-1.24425e+10
4.4257e+10,6.22611e+10,-1.80041e+10
6.79749e+09,5.37207e+10,-4.69232e+10
6.79749e+09,1.314e+11,-1.24602e+11
4.55751e+10,1.76207e+11,-1.30632e+11
4.55751e+10,1.76207e+11,-1.30632e+11
4.55751e+10,2.89898e+11,-2.44323e+11
1.25131e+10,4.38403e+11,-4.2589e+11
4.15232e+10,3.71012e+11,-3.29489e+11
1.00128e+11,2.97e+11,-1.96871e+11
1.00128e+11,2.97e+11,-1.96871e+11
1.78963e+11,1.95128e+11,-1.61654e+10
1.09992e+11,3.08874e+11,-1.98882e+11
1.09992e+11,3.08874e+11,-1.98882e+11
1.54848e+11,1.80382e+11,-2.55336e+10
1.54848e+11,1.18536e+11,3.63128e+10
2.05561e+11,4.90276e+10,1.56533e+11
2.74538e+11,2.31711e+10,2.51366e+11
3.6008e+11,4.30956e+10,3.16984e+11
3.6008e+11,5.97878e+10,3.00292e+11
3.1638e+11,6.40796e+10,2.52301e+11
3.30059e+11,1.19682e+11,2.10377e+11
3.30059e+11,2.06465e+11,1.23595e+11
2.72338e+11,1.91381e+11,8.09575e+10
2.29037e+11,1.78005e+11,5.10323e+10
2.29037e+11,1.78005e+11,5.10323e+10
1.83457e+11,1.38174e+11,4.52828e+10
1.55593e+11,1.06719e+11,4.88744e+10
1.55593e+11,1.06719e+11,4.88744e+10
1.55593e+11,1.49517e+11,6.07695e+09
1.55593e+11,1.49517e+11,6.07695e+09
2.41872e+11,2.57237e+11,-1.53652e+10
2.41872e+11,2.57237e+11,-1.53652e+10
1.36884e+11,1.42436e+11,-5.552e+09
1.36884e+11,1.42436e+11,-5.552e+09
2.50304e+11,1.70576e+11,7.97278e+10
2.50304e+11,1.02725e+11,1.47579e+11
2.50304e+11,1.02725e+11,1.47579e+11
2.50304e+11,1.02725e+11,1.47579e+11
1.54747e+11,7.36416e+10,8.11057e+10
2.38855e+11,2.54021e+10,2.13453e+11
3.43803e+11,4.86551e+09,3.38938e+11
2.54959e+11,1.21072e+10,2.42852e+11
2.54959e+11,3.64377e+10,2.18522e+11
3.05905e+11,6.44935e+10,2.41411e+11
3.05905e+11,6.44935e+10,2.41411e+11
3.48326e+11,1.46216e+11,2.02111e+11
3.48326e+11,1.46216e+11,2.02111e+11
3.48326e+11,1.74525e+11,1.73802e+11
3.53793e+11,2.93278e+11,6.05155e+10
3.53793e+11,2.93278e+11,6.05155e+10
3.53793e+11,2.62451e+11,9.13426e+10
3.53793e+11,2.62451e+11,9.13426e+10
4.43332e+11,1.46924e+11,2.96408e+11
4.43332e+11,7.85738e+10,3.64758e+11
4.43332e+11,3.17129e+10,4.11619e+11
4.43332e+11,1.02013e+10,4.33131e+11
2.92988e+11,4.22208e+10,2.50768e+11
2.92988e+11,4.95641e+10,2.43424e+11
1.68377e+11,1.20989e+11,4.73877e+10
1.68377e+11,1.20989e+11,4.73877e+10
1.68377e+11,1.20989e+11,4.73877e+10
1.68377e+11,8.82933e+10,8.00835e+10
1.68377e+11,6.89174e+10,9.94594e+10
1.05727e+11,1.31854e+11,-2.61274e+10
1.05727e+11,1.31854e+11,-2.61274e+10
1.05727e+11,9.35063e+10,1.22204e+10
1.05727e+11,6.84322e+10,3.72945e+10
1.05727e+11,6.84322e+10,3.72945e+10
1.05727e+11,4.18912e+10,6.38354e+10
1.05727e+11,4.18912e+10,6.38354e+10
7.93089e+10,6.80179e+09,7.25071e+10
7.93089e+10,6.80179e+09,7.25071e+10
7.93089e+10,2.52665e+09,7.67822e+10
7.93089e+10,2.52665e+09,7.67822e+10
7.93089e+10,2.52665e+09,7.67822e+10
7.93089e+10,3.01129e+10,4.9196e+10
7.93089e+10,3.01129e+10,4.9196e+10
2.7033e+10,3.68772e+10,-9.84428e+09
8.27907e+10,9.15269e+10,-8.73625e+09
8.27907e+10,9.15269e+10,-8.73625e+09
2.46621e+10,5.99699e+10,-3.53078e+10
2.46621e+10,1.0979e+11,-8.51283e+10
7.94715e+10,2.13625e+11,-1.34153e+11
2.8161e+10,1.47169e+11,-1.19008e+11
2.8161e+10,1.47169e+11,-1.19008e+11
2.8161e+10,1.47169e+11,-1.19008e+11
2.75331e+10,6.56844e+10,-3.81513e+10
2.75331e+10,4.96212e+10,-2.20881e+10
2.75331e+10,4.96212e+10,-2.20881e+10
7.77247e+10,8.43802e+09,6.92867e+10
7.77247e+10,6.87262e+09,7.08521e+10
1.67734e+11,1.3001e+10,1.54733e+11
1.67734e+11,5.99703e+10,1.07764e+11
8.10793e+10,1.21982e+11,-4.0903e+10
8.10793e+10,2.02331e+11,-1.21252e+11
4.06231e+10,3.3588e+11,-2.95257e+11
4.06231e+10,3.3588e+11,-2.95257e+11
5.03253e+10,4.89853e+11,-4.39527e+11
3.27718e+10,3.37376e+11,-3.04605e+11
3.27718e+10,3.37376e+11,-3.04605e+11
3.49333e+10,2.0304e+11,-1.68107e+11
3.49333e+10,1.24846e+11,-8.9913e+10
4.76297e+10,1.45744e+11,-9.8114e+10
4.76297e+10,1.45744e+11,-9.8114e+10
4.76297e+10,1.45744e+11,-9.8114e+10
4.76297e+10,6.29699e+10,-1.53402e+10
1.1766e+11,3.60123e+10,8.1648e+10
4.52757e+10,2.67085e+10,1.85672e+10
1.18232e+11,1.10175e+09,1.1713e+11
1.18232e+11,1.10175e+09,1.1713e+11
1.18232e+11,1.65547e+10,1.01677e+11
5.54338e+10,4.96462e+10,5.78759e+09
1.11166e+11,8.40104e+10,2.7156e+10
1.11166e+11,8.40104e+10,2.7156e+10
7.38972e+10,8.06087e+10,-6.71149e+09
7.38972e+10,1.58132e+11,-8.42348e+10
9.31009e+10,1.55054e+11,-6.19531e+10
6.32016e+10,2.68377e+11,-2.05175e+11
1.0306e+11,2.16766e+11,-1.13706e+11
1.86257e+11,1.67677e+11,1.85801e+10
9.61306e+10,2.91969e+11,-1.95839e+11
9.61312e+10,3.35272e+11,-2.39141e+11
9.61312e+10,3.35272e+11,-2.39141e+11
3.20406e+10,4.69549e+11,-4.37509e+11
9.53699e+10,3.1038e+11,-2.1501e+11
9.53699e+10,3.1038e+11,-2.1501e+11
3.86072e+10,3.54278e+11,-3.1567e+11
3.86072e+10,2.461e+11,-2.07493e+11
8.3247e+10,1.51695e+11,-6.84483e+10
8.3247e+10,6.68821e+10,1.63649e+10
8.3247e+10,1.78784e+10,6.53686e+10
8.3247e+10,8.7202e+09,7.45268e+10
8.3247e+10,4.01617e+10,4.30853e+10
1.13326e+11,8.80405e+10,2.52853e+10
1.13326e+11,1.81761e+11,-6.8435e+10
1.13326e+11,1.81761e+11,-6.8435e+10
1.13326e+11,1.81761e+11,-6.8435e+10
1.24933e+11,1.74986e+11,-5.00525e+10
1.24933e+11,2.74859e+11,-1.49926e+11
1.24933e+11,2.74859e+11,-1.49926e+11
1.24933e+11,3.50983e+11,-2.2605e+11
1.24933e+11,4.22363e+11,-2.9743e+11
1.24933e+11,4.22363e+11,-2.9743e+11
8.77817e+10,2.89565e+11,-2.01783e+11
8.77817e+10,2.89565e+11,-2.01783e+11
1.4715e+11,3.81406e+11,-2.34256e+11
1.4715e+11,3.81406e+11,-2.34256e+11
1.4715e+11,2.73356e+11,-1.26206e+11
1.4715e+11,2.73356e+11,-1.26206e+11
1.4715e+11,2.73356e+11,-1.26206e+11
1.4715e+11,1.53498e+11,-6.34794e+09
1.4715e+11,7.29273e+10,7.42227e+10
7.14726e+10,1.05958e+11,-3.44859e+10
7.14726e+10,1.05958e+11,-3.44859e+10
7.14726e+10,1.36554e+11,-6.50818e+10
7.14723e+10,2.23479e+11,-1.52007e+11
1.13289e+11,2.69895e+11,-1.56606e+11
8.24625e+10,3.23843e+11,-2.41381e+11
8.24625e+10,4.82885e+11,-4.00423e+11
8.97443e+10,6.59667e+11,-5.69923e+11
9.44377e+10,5.96604e+11,-5.02167e+11
9.44375e+10,7.16261e+11,-6.21823e+11
9.44375e+10,7.16261e+11,-6.21823e+11
9.44375e+10,7.16261e+11,-6.21823e+11
9.44375e+10,6.89511e+11,-5.95074e+11
1.8191e+11,4.92996e+11,-3.11086e+11
3.08613e+11,3.26451e+11,-1.78388e+10
1.80162e+11,3.67631e+11,-1.87469e+11
8.74861e+10,3.98778e+11,-3.11292e+11
8.74861e+10,2.73282e+11,-1.85796e+11
8.74861e+10,1.62763e+11,-7.52767e+10
4.543e+10,1.46473e+11,-1.01043e+11
4.543e+10,6.6308e+10,-2.0878e+10
5.44136e+10,5.45194e+10,-1.05744e+08
1.06083e+11,5.95529e+10,4.65299e+10
4.73617e+10,1.93235e+10,2.80382e+10
4.73617e+10,1.93235e+10,2.80382e+10
4.73617e+10,3.15316e+09,4.42086e+10
4.73613e+10,2.54738e+10,2.18875e+10
7.94988e+09,6.5289e+10,-5.73391e+10
7.94988e+09,1.48036e+11,-1.40086e+11
7.94988e+09,2.64922e+11,-2.56972e+11
7.94988e+09,2.64922e+11,-2.56972e+11
4.73595e+10,4.08475e+11,-3.61116e+11
4.73595e+10,4.08475e+11,-3.61116e+11
4.73595e+10,4.08475e+11,-3.61116e+11
1.73983e+10,2.76231e+11,-2.58833e+11
1.73983e+10,2.62117e+11,-2.44719e+11
1.73983e+10,2.62117e+11,-2.44719e+11
3.77779e+10,1.45142e+11,-1.07364e+11
3.77779e+10,8.72086e+10,-4.94307e+10
8.59717e+09,1.20136e+11,-1.11539e+11
8.59717e+09,7.53116e+10,-6.67144e+10
4.37226e+10,2.14556e+10,2.22671e+10
6.67636e+09,3.6137e+10,-2.94606e+10
6.6762e+09,2.34971e+10,-1.68209e+10
4.52254e+10,2.91394e+09,4.23115e+10
4.52254e+10,2.70817e+10,1.81437e+10
4.52254e+10,8.0413e+10,-3.51876e+10
4.52254e+10,8.0413e+10,-3.51876e+10
1.64497e+10,1.71108e+11,-1.54659e+11
2.71151e+10,2.94857e+11,-2.67742e+11
2.71151e+10,2.94857e+11,-2.67742e+11
7.61963e+09,1.77363e+11,-1.69743e+11
7.61963e+09,1.53518e+11,-1.45898e+11
7.61963e+09,1.35198e+11,-1.27578e+11
3.71983e+10,2.17898e+11,-1.807e+11
3.71983e+10,2.17898e+11,-1.807e+11
3.96469e+09,1.13988e+11,-1.10023e+11
3.96469e+09,5.61085e+10,-5.21438e+10
3.96469e+09,2.09466e+10,-1.69819e+10
5.09748e+09,1.44344e+09,3.65404e+09
3.58571e+09,9.74866e+09,-6.16296e+09
3.58571e+09,9.74866e+09,-6.16296e+09
6.15839e+09,2.16953e+09,3.98887e+09
2.9299e+09,2.4444e+10,-2.15141e+10
6.73471e+09,2.06438e+10,-1.3909e+10
6.73471e+09,7.17663e+10,-6.50316e+10
6.73455e+09,1.498e+11,-1.43066e+11
3.06682e+09,2.60178e+11,-2.57111e+11
3.44242e+10,4.11057e+11,-3.76632e+11
1.00035e+11,5.9001e+11,-4.89975e+11
1.00035e+11,5.9001e+11,-4.89975e+11
3.98681e+10,4.11736e+11,-3.71868e+11
3.98681e+10,4.11736e+11,-3.71868e+11
3.98681e+10,4.11736e+11,-3.71868e+11
3.98681e+10,2.79345e+11,-2.39477e+11
7.42693e+10,2.65935e+11,-1.91666e+11
7.42693e+10,2.65935e+11,-1.91666e+11
1.25233e+11,2.12679e+11,-8.74463e+10
1.25233e+11,1.09238e+11,1.59946e+10
9.70572e+10,1.14199e+11,-1.71418e+10
1.12438e+11,4.28032e+10,6.96344e+10
1.49005e+11,8.42887e+09,1.40577e+11
1.49005e+11,8.42887e+09,1.40577e+11
1.90809e+11,2.03622e+10,1.70447e+11
1.90809e+11,6.7179e+10,1.2363e+11
1.90809e+11,1.39239e+11,5.15704e+10
2.15986e+11,2.48729e+11,-3.27438e+10
2.15986e+11,2.48729e+11,-3.27438e+10
2.15986e+11,2.48729e+11,-3.27438e+10
2.15986e+11,2.48729e+11,-3.27438e+10
2.15986e+11,2.48729e+11,-3.27438e+10
1.82343e+11,3.14536e+11,-1.32193e+11
1.82343e+11,2.3308e+11,-5.07373e+10
1.82343e+11,1.57668e+11,2.46752e+10
1.82343e+11,1.57668e+11,2.46752e+10
1.82343e+11,1.57668e+11,2.46752e+10
1.82343e+11,7.14212e+10,1.10922e+11
1.82343e+11,1.90417e+10,1.63301e+11
1.82343e+11,4.843e+09,1.775e+11
8.91304e+10,1.17976e+10,7.73328e+10
1.8431e+11,2.18708e+10,1.62439e+11
3.13475e+11,5.7352e+10,2.56123e+11
1.87867e+11,9.54723e+10,9.23945e+10
1.87867e+11,9.54723e+10,9.23945e+10
1.12426e+11,1.91267e+11,-7.8841e+10
8.23597e+10,3.22314e+11,-2.39954e+11
8.23597e+10,3.61095e+11,-2.78735e+11
8.88906e+10,2.48154e+11,-1.59263e+11
1.1784e+11,1.483e+11,-3.04597e+10
1.68496e+11,6.9757e+10,9.87392e+10
1.68496e+11,6.9757e+10,9.87392e+10
1.68496e+11,4.68232e+10,1.21673e+11
2.08197e+11,7.78677e+09,2.0041e+11
2.65097e+11,1.85892e+09,2.63238e+11
2.26759e+11,1.74437e+10,2.09315e+11
2.26759e+11,1.74437e+10,2.09315e+11
2.26759e+11,1.74437e+10,2.09315e+11
2.26759e+11,1.74437e+10,2.09315e+11
2.26759e+11,2.44178e+10,2.02341e+11
2.26759e+11,5.53618e+10,1.71397e+11
1.56844e+11,4.62604e+10,1.10584e+11
1.56844e+11,4.62604e+10,1.10584e+11
1.56844e+11,4.62604e+10,1.10584e+11
1.56844e+11,4.62604e+10,1.10584e+11
1.56844e+11,6.56431e+10,9.1201e+10
1.56844e+11,1.0188e+11,5.49643e+10
7.06775e+10,6.89047e+10,1.77272e+09
7.06775e+10,6.89047e+10,1.77272e+09
1.91883e+10,3.63611e+10,-1.71728e+10
1.91883e+10,3.63611e+10,-1.71728e+10
1.91883e+10,3.63611e+10,-1.71728e+10
1.91883e+10,3.63611e+10,-1.71728e+10
5.71309e+10,8.29957e+10,-2.58648e+10
1.24096e+11,1.49893e+11,-2.5797e+10
1.24096e+11,1.49893e+11,-2.5797e+10
1.24096e+11,1.49893e+11,-2.5797e+10
1.98976e+11,1.78448e+11,2.05287e+10
1.98976e+11,1.08237e+11,9.07391e+10
2.81432e+11,1.33771e+11,1.47661e+11
2.81432e+11,1.33771e+11,1.47661e+11
2.81432e+11,6.29931e+10,2.18439e+11
2.81432e+11,1.7945e+10,2.63487e+11
2.81432e+11,1.7945e+10,2.63487e+11
2.96765e+11,1.52444e+10,2.8152e+11
2.96765e+11,1.52444e+10,2.8152e+11
3.87839e+11,6.0335e+10,3.27504e+11
2.7898e+11,4.70404e+10,2.3194e+11
1.89379e+11,8.40578e+10,1.05321e+11
1.21241e+11,1.68338e+11,-4.70968e+10
7.62453e+10,2.9294e+11,-2.16695e+11
7.62453e+10,2.9294e+11,-2.16695e+11
4.63207e+10,4.31977e+11,-3.85656e+11
4.63207e+10,4.14951e+11,-3.68631e+11
3.43968e+10,5.48486e+11,-5.14089e+11
3.43968e+10,5.48486e+11,-5.14089e+11
6.15141e+10,3.75816e+11,-3.14302e+11
1.29893e+11,2.55449e+11,-1.25556e+11
2.37848e+11,1.97297e+11,4.05516e+10
2.37848e+11,1.0973e+11,1.28118e+11
2.37848e+11,7.38683e+10,1.6398e+11
2.37848e+11,9.26649e+10,1.45183e+11
2.37848e+11,9.26649e+10,1.45183e+11
2.37848e+11,9.26649e+10,1.45183e+11
2.37848e+11,9.26649e+10,1.45183e+11
1.74874e+11,1.53071e+11,2.18028e+10
1.62407e+11,2.63696e+11,-1.01289e+11
2.00752e+11,4.15427e+11,-2.14675e+11
2.00752e+11,4.15427e+11,-2.14675e+11
2.00752e+11,4.28004e+11,-2.27251e+11
1.21468e+11,2.87894e+11,-1.66426e+11
1.21468e+11,2.87894e+11,-1.66426e+11
5.88774e+10,1.64745e+11,-1.05868e+11
5.88774e+10,1.64745e+11,-1.05868e+11
1.91057e+10,9.82908e+10,-7.91851e+10
9.54146e+09,8.69089e+10,-7.73674e+10
9.54146e+09,8.69089e+10,-7.73674e+10
9.54146e+09,8.69089e+10,-7.73674e+10
9.54146e+09,9.57472e+10,-8.62058e+10
1.85138e+10,1.9371e+11,-1.75196e+11
1.85138e+10,1.9371e+11,-1.75196e+11
1.83169e+10,2.24271e+11,-2.05954e+11
1.83169e+10,3.64031e+11,-3.45714e+11
1.83169e+10,3.64031e+11,-3.45714e+11
1.83169e+10,5.0212e+11,-4.83803e+11
1.83169e+10,5.0212e+11,-4.83803e+11
6.95334e+10,7.03941e+11,-6.34408e+11
1.75919e+10,5.48244e+11,-5.30652e+11
5.65789e+08,3.93992e+11,-3.93426e+11
5.65789e+08,3.93992e+11,-3.93426e+11
1.98197e+10,2.46633e+11,-2.26813e+11
7.39063e+10,1.38515e+11,-6.46083e+10
7.39063e+10,1.38515e+11,-6.46083e+10
7.39063e+10,5.86219e+10,1.52844e+10
1.54636e+11,5.16424e+10,1.02994e+11
1.54636e+11,5.16424e+10,1.02994e+11
8.86666e+10,1.07438e+10,7.79228e+10
8.86666e+10,3.52802e+10,5.33863e+10
7.82763e+10,6.47155e+10,1.35608e+10
1.13588e+11,1.40137e+11,-2.65493e+10
1.13588e+11,2.10525e+11,-9.69368e+10
1.13588e+11,2.88248e+11,-1.7466e+11
1.13588e+11,2.88248e+11,-1.7466e+11
1.13588e+11,2.88248e+11,-1.7466e+11
1.13588e+11,2.88248e+11,-1.7466e+11
1.13588e+11,2.88248e+11,-1.7466e+11
4.36158e+10,1.66865e+11,-1.23249e+11
1.09243e+10,9.11447e+10,-8.02204e+10
1.09243e+10,9.11447e+10,-8.02204e+10
3.5877e+10,5.20726e+10,-1.61956e+10
3.58773e+10,1.00092e+10,2.5868e+10
3.58773e+10,1.00092e+10,2.5868e+10
7.86709e+10,1.25587e+09,7.7415e+10
4.32702e+10,9.63218e+09,3.3638e+10
4.32702e+10,4.7392e+10,-4.12187e+09
6.18965e+10,9.37958e+10,-3.18993e+10
6.18965e+10,9.37958e+10,-3.18993e+10
6.18965e+10,9.37958e+10,-3.18993e+10
8.62335e+10,1.89546e+11,-1.03312e+11
1.3428e+11,3.10317e+11,-1.76037e+11
1.3428e+11,3.10317e+11,-1.76037e+11
1.3428e+11,3.10317e+11,-1.76037e+11
1.77561e+11,3.8066e+11,-2.03099e+11
1.49486e+11,2.40728e+11,-9.12415e+10
1.61663e+11,2.49212e+11,-8.75495e+10
1.65684e+11,1.59442e+11,6.24229e+09
2.20165e+11,1.28441e+11,9.17236e+10
2.20165e+11,7.16293e+10,1.48536e+11
2.20165e+11,6.72538e+10,1.52911e+11
2.20165e+11,6.72538e+10,1.52911e+11
1.20606e+11,6.55323e+10,5.50742e+10
5.03603e+10,1.16083e+11,-6.57223e+10
1.23926e+11,1.24212e+11,-2.85644e+08
4.88523e+10,2.21886e+11,-1.73033e+11
8.48053e+09,3.62072e+11,-3.53592e+11
4.75176e+10,2.72582e+11,-2.25064e+11
4.75176e+10,2.72582e+11,-2.25064e+11
4.75176e+10,2.78091e+11,-2.30573e+11
1.10134e+11,1.67968e+11,-5.78331e+10
2.00709e+11,8.07256e+10,1.19983e+11
2.00709e+11,6.44875e+10,1.36221e+11
2.00709e+11,6.36664e+10,1.37042e+11
2.00709e+11,6.36664e+10,1.37042e+11
2.00709e+11,6.36664e+10,1.37042e+11
2.61052e+11,1.49711e+10,2.46081e+11
2.61052e+11,1.49711e+10,2.46081e+11
2.38255e+11,2.45377e+10,2.13718e+11
2.38255e+11,1.76644e+10,2.20591e+11
2.21274e+11,4.88868e+09,2.16385e+11
2.19361e+11,2.12396e+10,1.98121e+11
2.19361e+11,7.53474e+10,1.44013e+11
2.13415e+11,1.18699e+11,9.47157e+10
2.13415e+11,1.18699e+11,9.47157e+10
2.57173e+11,2.05987e+11,5.11858e+10
2.57173e+11,3.02923e+11,-4.57503e+10
1.79886e+11,2.60894e+11,-8.10077e+10
1.79886e+11,2.60894e+11,-8.10077e+10
1.79886e+11,2.60894e+11,-8.10077e+10
1.79886e+11,2.60894e+11,-8.10077e+10
9.34591e+10,1.47768e+11,-5.4309e+10
9.34591e+10,1.47768e+11,-5.4309e+10
9.34591e+10,1.47768e+11,-5.4309e+10
3.06247e+10,7.92051e+10,-4.85804e+10
3.06247e+10,2.26703e+10,7.95443e+09
2.99221e+09,3.36147e+10,-3.06225e+10
2.89602e+10,6.33134e+09,2.26288e+10
2.89602e+10,3.88987e+10,-9.93856e+09
2.89602e+10,1.07779e+11,-7.88187e+10
2.89602e+10,2.07299e+11,-1.78338e+11
1.78937e+10,2.27372e+11,-2.09479e+11
1.78937e+10,2.27372e+11,-2.09479e+11
5.15596e+10,2.10809e+11,-1.5925e+11
5.15596e+10,3.1129e+11,-2.59731e+11
1.26662e+11,2.71457e+11,-1.44794e+11
1.26662e+11,2.71457e+11,-1.44794e+11
5.18355e+10,4.2196e+11,-3.70124e+11
1.23533e+11,2.97083e+11,-1.73549e+11
5.673e+10,4.30713e+11,-3.73983e+11
3.08274e+10,5.68978e+11,-5.38151e+11
3.08274e+10,5.03602e+11,-4.72774e+11
3.08274e+10,4.23539e+11,-3.92711e+11
6.07543e+10,5.04276e+11,-4.43521e+11
6.07543e+10,5.04276e+11,-4.43521e+11
6.07543e+10,5.04276e+11,-4.43521e+11
1.39987e+11,4.64656e+11,-3.24669e+11
5.91223e+10,3.7608e+11,-3.16958e+11
1.2978e+10,3.65716e+11,-3.52738e+11
5.76269e+10,2.27295e+11,-1.69668e+11
1.34042e+11,1.19608e+11,1.44344e+10
1.34042e+11,1.2085e+11,1.31922e+10
1.34042e+11,1.81044e+11,-4.70013e+10
1.34042e+11,2.95231e+11,-1.61189e+11
8.79918e+10,3.96617e+11,-3.08625e+11
8.79918e+10,3.96617e+11,-3.08625e+11
1.10317e+11,5.3473e+11,-4.24413e+11
1.10317e+11,6.9745e+11,-5.87133e+11
1.10317e+11,6.9745e+11,-5.87133e+11
1.10317e+11,6.9745e+11,-5.87133e+11
1.10317e+11,6.9745e+11,-5.87133e+11
1.00566e+11,8.80503e+11,-7.79937e+11
1.00566e+11,8.80503e+11,-7.79937e+11
1.00566e+11,8.80503e+11,-7.79937e+11
8.67763e+10,9.19073e+11,-8.32297e+11
9.52372e+10,9.20109e+11,-8.24872e+11
9.52372e+10,6.97672e+11,-6.02435e+11
1.11742e+11,5.92783e+11,-4.81041e+11
8.29967e+10,4.53679e+11,-3.70682e+11
8.29967e+10,3.18205e+11,-2.35208e+11
6.61158e+10,1.88495e+11,-1.22379e+11
7.3048e+10,9.29351e+10,-1.9887e+10
7.3048e+10,9.29351e+10,-1.9887e+10
9.25737e+10,5.28795e+10,3.96942e+10
9.25737e+10,1.18953e+11,-2.63796e+10
1.22782e+11,1.72251e+11,-4.94694e+10
1.22782e+11,1.72251e+11,-4.94694e+10
1.22782e+11,1.72251e+11,-4.94694e+10
1.46461e+11,2.98232e+11,-1.51771e+11
1.46461e+11,2.98232e+11,-1.51771e+11
1.53096e+11,1.87963e+11,-3.48672e+10
1.31147e+11,2.9028e+11,-1.59133e+11
1.31147e+11,2.62143e+11,-1.30996e+11
1.31147e+11,2.62143e+11,-1.30996e+11
1.31147e+11,2.62143e+11,-1.30996e+11
1.31147e+11,2.62143e+11,-1.30996e+11
1.31147e+11,2.62143e+11,-1.30996e+11
1.31147e+11,1.45266e+11,-1.41188e+10
6.16812e+10,9.46708e+10,-3.29896e+10
6.16812e+10,9.46708e+10,-3.29896e+10
1.40577e+11,1.08295e+11,3.22819e+10
1.40577e+11,9.23517e+10,4.8225e+10
1.40577e+11,1.33343e+11,7.23411e+09
1.40577e+11,2.27891e+11,-8.73147e+10
1.40577e+11,3.68211e+11,-2.27634e+11
2.40359e+11,4.4386e+11,-2.03501e+11
2.40359e+11,4.4386e+11,-2.03501e+11
2.40359e+11,6.10916e+11,-3.70557e+11
3.37571e+11,5.83913e+11,-2.46342e+11
3.37571e+11,5.83913e+11,-2.46342e+11
4.32469e+11,4.83886e+11,-5.14165e+10
5.39857e+11,3.75493e+11,1.64365e+11
5.39857e+11,3.75493e+11,1.64365e+11
5.39857e+11,3.75493e+11,1.64365e+11
6.01333e+11,2.32886e+11,3.68447e+11
6.66878e+11,1.25114e+11,5.41763e+11
6.66878e+11,6.29637e+10,6.03914e+11
6.66397e+11,8.05707e+10,5.85826e+11
6.33708e+11,2.72382e+10,6.0647e+11
6.98762e+11,2.9747e+10,6.69015e+11
6.98762e+11,2.9747e+10,6.69015e+11
5.74965e+11,1.09061e+10,5.64059e+11
5.74965e+11,1.09061e+10,5.64059e+11
4.38905e+11,4.15773e+10,3.97327e+11
4.38905e+11,7.70704e+10,3.61834e+11
3.03899e+11,1.55379e+11,1.4852e+11
1.91615e+11,2.529e+11,-6.12841e+10
1.91615e+11,2.529e+11,-6.12841e+10
9.85038e+10,3.30881e+11,-2.32377e+11
3.57317e+10,4.06083e+11,-3.70351e+11
1.0098e+11,5.37037e+11,-4.36057e+11
3.48623e+10,5.30965e+11,-4.96103e+11
1.00221e+11,7.30982e+11,-6.3076e+11
1.00221e+11,7.30982e+11,-6.3076e+11
1.00221e+11,7.30982e+11,-6.3076e+11
4.77814e+10,5.44683e+11,-4.96902e+11
4.77814e+10,5.44683e+11,-4.96902e+11
8.4537e+10,6.46858e+11,-5.62321e+11
5.68704e+10,4.57822e+11,-4.00952e+11
7.33355e+10,3.22697e+11,-2.49361e+11
4.75056e+10,2.79008e+11,-2.31502e+11
4.73082e+10,2.32171e+11,-1.84863e+11
7.27483e+10,1.86045e+11,-1.13296e+11
1.23199e+11,1.44427e+11,-2.12278e+10
1.97419e+11,1.10746e+11,8.66728e+10
2.9358e+11,8.77757e+10,2.05804e+11
2.9358e+11,8.77757e+10,2.05804e+11
3.92099e+11,5.79178e+10,3.34181e+11
3.92099e+11,1.20441e+10,3.80055e+11
3.35226e+11,2.04839e+10,3.14742e+11
3.68693e+11,5.03107e+09,3.63662e+11
4.12291e+11,2.91266e+10,3.83164e+11
3.93997e+11,2.82481e+10,3.65749e+11
4.35818e+11,4.94339e+10,3.86384e+11
3.69272e+11,1.00323e+11,2.68949e+11
3.14001e+11,1.96276e+11,1.17726e+11
2.71367e+11,3.29388e+11,-5.80214e+10
2.71367e+11,3.29388e+11,-5.80214e+10
2.71367e+11,3.31758e+11,-6.03914e+10
3.72138e+11,2.07916e+11,1.64222e+11
5.22712e+11,1.07502e+11,4.1521e+11
5.22712e+11,7.90704e+10,4.43641e+11
5.22712e+11,7.90704e+10,4.43641e+11
5.22712e+11,4.71373e+10,4.75574e+11
5.22712e+11,3.45606e+10,4.88151e+11
3.589e+11,8.84778e+10,2.70422e+11
3.589e+11,9.11168e+10,2.67783e+11
4.98154e+11,3.84319e+10,4.59722e+11
4.98154e+11,5.54352e+10,4.42718e+11
4.98154e+11,9.07961e+10,4.07357e+11
6.09861e+11,6.2888e+10,5.46973e+11
5.24622e+11,1.4564e+11,3.78982e+11
5.81293e+11,9.35743e+10,4.87719e+11
6.42363e+11,5.67986e+10,5.85564e+11
6.42363e+11,5.67986e+10,5.85564e+11
6.42363e+11,8.34527e+10,5.5891e+11
6.42363e+11,8.34527e+10,5.5891e+11
6.42363e+11,8.34527e+10,5.5891e+11
6.42363e+11,8.21434e+10,5.60219e+11
7.71301e+11,1.61388e+11,6.09912e+11
6.16329e+11,7.94757e+10,5.36853e+11
6.16329e+11,7.94757e+10,5.36853e+11
4.55223e+11,2.29464e+10,4.32276e+11
3.14167e+11,3.9181e+09,3.10249e+11
3.14167e+11,3.9181e+09,3.10249e+11
1.89115e+11,2.84295e+10,1.60685e+11
1.89115e+11,2.84295e+10,1.60685e+11
1.89115e+11,2.84295e+10,1.60685e+11
1.89115e+11,8.39286e+10,1.05186e+11
1.89115e+11,1.77054e+11,1.2061e+10
1.0394e+11,2.20455e+11,-1.16514e+11
6.18169e+10,2.65291e+11,-2.03474e+11
6.18169e+10,4.10018e+11,-3.48201e+11
8.41114e+10,5.75144e+11,-4.91032e+11
8.41114e+10,5.75144e+11,-4.91032e+11
8.41114e+10,5.75144e+11,-4.91032e+11
8.41114e+10,5.75144e+11,-4.91032e+11
8.41114e+10,5.75144e+11,-4.91032e+11
8.41114e+10,4.95971e+11,-4.11859e+11
8.41114e+10,4.04321e+11,-3.2021e+11
8.41114e+10,3.07744e+11,-2.23632e+11
8.41114e+10,2.14193e+11,-1.30081e+11
1.59294e+11,1.21877e+11,3.74178e+10
1.59294e+11,4.85875e+10,1.10707e+11
1.59294e+11,8.04609e+09,1.51248e+11
2.81087e+11,2.23865e+10,2.587e+11
1.60714e+11,9.51098e+09,1.51203e+11
7.90851e+10,3.79769e+10,4.11082e+10
3.82112e+10,1.0544e+11,-6.72286e+10
3.82112e+10,1.51162e+11,-1.12951e+11
4.68994e+10,2.69174e+11,-2.22275e+11
4.68994e+10,2.69174e+11,-2.22275e+11
4.68994e+10,2.64427e+11,-2.17528e+11
1.10072e+11,3.83024e+11,-2.72952e+11
1.10072e+11,3.83024e+11,-2.72952e+11
1.10072e+11,3.04412e+11,-1.9434e+11
4.0547e+10,1.79926e+11,-1.39379e+11
4.0547e+10,1.79926e+11,-1.39379e+11
1.05401e+11,1.62365e+11,-5.69638e+10
4.51026e+10,1.0711e+11,-6.20072e+10
9.9361e+10,5.8419e+10,4.09421e+10
5.2479e+10,6.06167e+10,-8.13775e+09
5.2479e+10,4.94756e+10,3.00334e+09
5.2479e+10,8.89191e+10,-3.64401e+10
5.2479e+10,8.89191e+10,-3.64401e+10
5.2479e+10,1.82941e+11,-1.30462e+11
8.5565e+10,2.40043e+11,-1.54478e+11
8.5565e+10,2.40043e+11,-1.54478e+11
3.70442e+10,3.65746e+11,-3.28702e+11
1.70848e+10,5.39437e+11,-5.22353e+11
1.70848e+10,6.25765e+11,-6.0868e+11
2.1069e+10,8.41722e+11,-8.20653e+11
2.1069e+10,8.55865e+11,-8.34796e+11
2.78924e+10,6.46511e+11,-6.18619e+11
2.78924e+10,6.46511e+11,-6.18619e+11
2.78924e+10,6.46511e+11,-6.18619e+11
2.78924e+10,6.46511e+11,-6.18619e+11
8.60145e+10,5.06415e+11,-4.20401e+11
8.60145e+10,3.37836e+11,-2.51821e+11
8.60145e+10,2.14734e+11,-1.28719e+11
2.90573e+10,1.14139e+11,-8.5082e+10
1.01369e+10,4.28868e+10,-3.27499e+10
1.01369e+10,4.27279e+10,-3.2591e+10
1.01369e+10,9.08406e+10,-8.07037e+10
1.01369e+10,1.83262e+11,-1.73125e+11
4.13903e+10,2.63345e+11,-2.21955e+11
4.13903e+10,2.63345e+11,-2.21955e+11
4.13903e+10,2.63345e+11,-2.21955e+11
4.13903e+10,2.63345e+11,-2.21955e+11
1.1088e+11,4.0499e+11,-2.94111e+11
4.40849e+10,2.7182e+11,-2.27735e+11
1.59907e+10,1.57255e+11,-1.41264e+11
1.59907e+10,1.28834e+11,-1.12844e+11
1.59907e+10,1.28834e+11,-1.12844e+11
3.76582e+10,5.33101e+10,-1.56519e+10
3.76582e+10,1.7078e+10,2.05803e+10
7.74243e+09,4.00383e+10,-3.22959e+10
4.05101e+10,4.85778e+09,3.56523e+10
1.09684e+11,3.88874e+09,1.05795e+11
4.01684e+10,1.52388e+10,2.49296e+10
1.08314e+11,2.22369e+10,8.60772e+10
1.08314e+11,7.81007e+10,3.02134e+10
1.08314e+11,1.63717e+11,-5.54024e+10
1.08314e+11,2.72033e+11,-1.63719e+11
1.08314e+11,2.72033e+11,-1.63719e+11
7.41887e+10,4.25671e+11,-3.51482e+11
7.41887e+10,4.91109e+11,-4.1692e+11
8.60502e+10,3.68024e+11,-2.81974e+11
1.20777e+11,2.49965e+11,-1.29189e+11
1.20777e+11,2.49965e+11,-1.29189e+11
1.20777e+11,2.15252e+11,-9.44749e+10
1.50216e+11,1.1131e+11,3.89059e+10
1.50216e+11,7.31612e+10,7.70547e+10
1.50955e+11,1.21759e+11,2.91968e+10
1.34752e+11,4.74686e+10,8.72832e+10
1.34752e+11,4.74686e+10,8.72832e+10
1.34752e+11,4.74686e+10,8.72832e+10
1.94748e+11,4.48018e+10,1.49946e+11
1.94748e+11,1.32944e+10,1.81453e+11
1.94748e+11,9.17919e+09,1.85569e+11
1.94748e+11,9.17919e+09,1.85569e+11
1.94748e+11,9.17919e+09,1.85569e+11
3.2744e+11,4.31155e+10,2.84325e+11
3.2744e+11,5.40361e+10,2.73404e+11
4.89127e+11,1.28822e+11,3.60305e+11
4.89127e+11,1.28822e+11,3.60305e+11
3.48635e+11,5.50348e+10,2.936e+11
3.48635e+11,5.50348e+10,2.936e+11
3.48635e+11,5.50348e+10,2.936e+11
2.9842e+11,1.71731e+10,2.81247e+11
3.2643e+11,1.25083e+10,3.13922e+11
3.65907e+11,3.41592e+10,3.31747e+11
3.65907e+11,3.22293e+10,3.33677e+11
3.65907e+11,3.22293e+10,3.33677e+11
3.65907e+11,3.79514e+10,3.27955e+11
3.65907e+11,6.41273e+10,3.01779e+11
4.47753e+11,4.25471e+10,4.05206e+11
3.44475e+11,1.1316e+11,2.31315e+11
3.44475e+11,1.5891e+11,1.85566e+11
4.82944e+11,1.09657e+11,3.73287e+11
3.31582e+11,2.12763e+11,1.18819e+11
3.31582e+11,2.46011e+11,8.55707e+10
1.99778e+11,3.82269e+11,-1.82491e+11
1.99778e+11,3.84491e+11,-1.84712e+11
1.99778e+11,3.84491e+11,-1.84712e+11
1.99778e+11,3.84491e+11,-1.84712e+11
1.99778e+11,2.9155e+11,-9.17717e+10
1.1872e+11,3.36081e+11,-2.17361e+11
8.28005e+10,3.72988e+11,-2.90188e+11
8.28005e+10,3.72988e+11,-2.90188e+11
1.04739e+11,3.53459e+11,-2.48721e+11
1.72334e+11,3.24128e+11,-1.51795e+11
2.83921e+11,2.87411e+11,-3.4902e+09
1.6545e+11,2.22961e+11,-5.75103e+10
1.6545e+11,1.27103e+11,3.8347e+10
1.6545e+11,1.27103e+11,3.8347e+10
1.6545e+11,1.27103e+11,3.8347e+10
1.6545e+11,1.27103e+11,3.8347e+10
1.6545e+11,1.58369e+11,7.08176e+09
2.69128e+11,1.47091e+11,1.22037e+11
1.76693e+11,2.29078e+11,-5.23852e+10
1.76693e+11,2.29078e+11,-5.23852e+10
1.47177e+11,2.87563e+11,-1.40386e+11
1.47177e+11,4.41183e+11,-2.94006e+11
1.83469e+11,4.65316e+11,-2.81847e+11
2.68911e+11,4.72694e+11,-2.03784e+11
1.70786e+11,6.57763e+11,-4.86977e+11
2.79178e+11,5.73368e+11,-2.94189e+11
4.29531e+11,4.73055e+11,-4.35236e+10
2.75282e+11,6.65217e+11,-3.89935e+11
4.29629e+11,5.00612e+11,-7.09828e+10
6.14636e+11,3.44471e+11,2.70165e+11
4.37887e+11,4.5832e+11,-2.04325e+10
6.02026e+11,2.98058e+11,3.03968e+11
6.02026e+11,2.13769e+11,3.88257e+11
6.02026e+11,1.37939e+11,4.64087e+11
4.99496e+11,1.66073e+11,3.33423e+11
4.99496e+11,1.66073e+11,3.33423e+11
4.8632e+11,1.68566e+11,3.17754e+11
4.8632e+11,8.74463e+10,3.98874e+11
4.43212e+11,4.70788e+10,3.96134e+11
5.13e+11,1.91675e+10,4.93832e+11
4.18251e+11,2.02658e+10,3.97986e+11
5.35628e+11,1.54216e+09,5.34086e+11
5.35628e+11,1.54216e+09,5.34086e+11
3.82575e+11,2.47185e+10,3.57856e+11
5.47798e+11,4.06153e+10,5.07182e+11
3.74473e+11,6.21596e+10,3.12314e+11
3.74473e+11,6.21596e+10,3.12314e+11
2.31782e+11,8.31417e+10,1.4864e+11
1.27071e+11,1.18382e+11,8.68858e+09
1.27071e+11,1.18382e+11,8.68858e+09
7.11181e+10,1.3955e+11,-6.84323e+10
7.11181e+10,2.46575e+11,-1.75457e+11
7.11181e+10,3.7178e+11,-3.00662e+11
8.01629e+10,3.5157e+11,-2.71407e+11
8.01629e+10,3.5157e+11,-2.71407e+11
8.01629e+10,3.5157e+11,-2.71407e+11
4.24536e+10,5.14233e+11,-4.7178e+11
4.24536e+10,5.14233e+11,-4.7178e+11
4.24536e+10,4.67345e+11,-4.24891e+11
4.24536e+10,4.67345e+11,-4.24891e+11
1.366e+10,5.38291e+11,-5.24631e+11
1.49352e+10,5.91414e+11,-5.76479e+11
4.6248e+10,6.2234e+11,-5.76092e+11
4.6248e+10,4.55175e+11,-4.08927e+11
2.61935e+10,3.46201e+11,-3.20008e+11
2.61935e+10,2.1147e+11,-1.85276e+11
2.61935e+10,1.23532e+11,-9.73386e+10
2.61935e+10,1.23532e+11,-9.73386e+10
2.08182e+10,5.08751e+10,-3.00569e+10
4.40374e+10,2.06751e+10,2.33624e+10
4.40374e+10,2.06751e+10,2.33624e+10
8.81022e+10,4.62029e+10,4.18992e+10
8.81022e+10,1.09096e+11,-2.09941e+10
1.48699e+11,2.0704e+11,-5.8341e+10
1.48699e+11,2.0704e+11,-5.8341e+10
1.11863e+11,1.35818e+11,-2.39548e+10
1.22997e+11,7.84374e+10,4.45596e+10
1.22997e+11,1.08748e+11,1.42489e+10
8.62192e+10,2.10102e+11,-1.23883e+11
1.34401e+11,1.27735e+11,6.66538e+09
7.6002e+10,2.25572e+11,-1.4957e+11
7.6002e+10,2.25572e+11,-1.4957e+11
1.50728e+11,1.18628e+11,3.21002e+10
7.02939e+10,1.66233e+11,-9.59391e+10
7.02939e+10,1.66233e+11,-9.59391e+10
1.84155e+10,1.91448e+11,-1.73032e+11
7.10947e+10,1.04511e+11,-3.34159e+10
7.10947e+10,3.79628e+10,3.31319e+10
2.1116e+10,2.83558e+10,-7.23983e+09
2.1116e+10,2.83558e+10,-7.23983e+09
1.30914e+10,2.82023e+10,-1.51109e+10
4.37836e+10,5.01784e+10,-6.39472e+09
1.12437e+11,9.24741e+10,1.99628e+10
2.17361e+11,1.51606e+11,6.57549e+10
2.17361e+11,1.51606e+11,6.57549e+10
1.16776e+11,7.00167e+10,4.67588e+10
1.16776e+11,7.00167e+10,4.67588e+10
6.47361e+10,4.72065e+10,1.75296e+10
1.07451e+11,1.05888e+10,9.68618e+10
1.07451e+11,1.05888e+10,9.68618e+10
8.67088e+10,3.65959e+10,5.01129e+10
1.12435e+11,1.02426e+11,1.00094e+10
1.12435e+11,1.02426e+11,1.00094e+10
6.51013e+10,1.11792e+11,-4.66909e+10
6.51013e+10,2.16396e+11,-1.51295e+11
6.51013e+10,3.48553e+11,-2.83451e+11
6.51013e+10,4.97378e+11,-4.32277e+11
6.51013e+10,4.97378e+11,-4.32277e+11
6.51013e+10,4.97378e+11,-4.32277e+11
6.51013e+10,4.97378e+11,-4.32277e+11
1.49169e+11,3.51143e+11,-2.01974e+11
1.49169e+11,3.51143e+11,-2.01974e+11
1.49169e+11,2.92591e+11,-1.43422e+11
2.56671e+11,1.68229e+11,8.84421e+10
2.56671e+11,1.68229e+11,8.84421e+10
2.56671e+11,8.60217e+10,1.70649e+11
2.56671e+11,2.92014e+10,2.2747e+11
1.99874e+11,3.19933e+10,1.67881e+11
1.99874e+11,3.19933e+10,1.67881e+11
1.99874e+11,5.76325e+09,1.94111e+11
2.02277e+11,3.59615e+09,1.98681e+11
2.20613e+11,3.64961e+10,1.84117e+11
2.21158e+11,4.17858e+10,1.79372e+11
2.01746e+11,7.61547e+10,1.25591e+11
2.01746e+11,7.61547e+10,1.25591e+11
2.01746e+11,7.61547e+10,1.25591e+11
2.74361e+11,1.58388e+11,1.15973e+11
3.96483e+11,2.79877e+11,1.16606e+11
2.62223e+11,1.97924e+11,6.42993e+10
2.62223e+11,1.97924e+11,6.42993e+10
2.62223e+11,1.97924e+11,6.42993e+10
1.4527e+11,9.92889e+10,4.5981e+10
6.30674e+10,3.44691e+10,2.85982e+10
1.76396e+10,8.80307e+09,8.83658e+09
1.76396e+10,8.80307e+09,8.83658e+09
5.53947e+10,2.48518e+09,5.29095e+10
5.53947e+10,2.48518e+09,5.29095e+10
1.16143e+11,2.4819e+10,9.13235e+10
1.16143e+11,2.4819e+10,9.13235e+10
1.16143e+11,2.4819e+10,9.13235e+10
1.82923e+11,5.853e+10,1.24393e+11
2.71408e+11,1.13758e+11,1.5765e+11
2.71408e+11,1.13758e+11,1.5765e+11
2.14833e+11,4.33856e+10,1.71448e+11
2.14833e+11,1.3489e+10,2.01344e+11
2.14833e+11,1.06203e+10,2.04213e+11
2.14833e+11,3.50158e+10,1.79817e+11
2.14833e+11,3.50158e+10,1.79817e+11
2.14833e+11,3.50158e+10,1.79817e+11
3.0185e+11,1.37768e+10,2.88073e+11
3.0185e+11,4.9009e+10,2.52841e+11
3.0185e+11,4.9009e+10,2.52841e+11
3.0185e+11,9.65754e+10,2.05274e+11
3.0185e+11,1.61794e+11,1.40056e+11
3.0185e+11,1.61794e+11,1.40056e+11
3.0185e+11,2.12244e+11,8.96052e+10
1.83131e+11,3.4736e+11,-1.64229e+11
2.93138e+11,2.36153e+11,5.69845e+10
4.26086e+11,1.38768e+11,2.87318e+11
3.07832e+11,2.28843e+11,7.89894e+10
3.07832e+11,2.07873e+11,9.99586e+10
3.07832e+11,1.87492e+11,1.2034e+11
3.07832e+11,1.87492e+11,1.2034e+11
3.07832e+11,1.40191e+11,1.67641e+11
3.22525e+11,5.95024e+10,2.63023e+11
3.22525e+11,5.95024e+10,2.63023e+11
3.2508e+11,2.74956e+10,2.97585e+11
3.2508e+11,2.74956e+10,2.97585e+11
3.69274e+11,3.09368e+09,3.66181e+11
3.69274e+11,3.09368e+09,3.66181e+11
2.82657e+11,2.09577e+10,2.61699e+11
3.87324e+11,1.57948e+10,3.71529e+11
5.41824e+11,5.32108e+10,4.88613e+11
7.42354e+11,1.30124e+11,6.12229e+11
5.35094e+11,8.55377e+10,4.49556e+11
3.60569e+11,5.61042e+10,3.04465e+11
3.60569e+11,5.61042e+10,3.04465e+11
3.60569e+11,5.61042e+10,3.04465e+11
3.60569e+11,5.61042e+10,3.04465e+11
2.53211e+11,1.26911e+10,2.4052e+11
1.96387e+11,8.6675e+08,1.9552e+11
1.91494e+11,2.1605e+10,1.69889e+11
1.91494e+11,2.1605e+10,1.69889e+11
1.91494e+11,7.5681e+10,1.15813e+11
1.45945e+11,1.369e+11,9.04489e+09
1.20082e+11,2.45473e+11,-1.2539e+11
1.20082e+11,3.23604e+11,-2.03522e+11
1.20082e+11,3.23604e+11,-2.03522e+11
1.86052e+11,2.2126e+11,-3.52084e+10
1.09118e+11,3.45036e+11,-2.35918e+11
5.74771e+10,4.79763e+11,-4.22285e+11
1.16916e+11,3.18281e+11,-2.01365e+11
5.11429e+10,4.00664e+11,-3.49521e+11
5.11429e+10,3.12007e+11,-2.60864e+11
1.25033e+11,1.88232e+11,-6.31993e+10
1.25033e+11,1.00787e+11,2.42454e+10
2.34168e+11,5.81956e+10,1.75972e+11
1.28419e+11,2.49979e+10,1.03421e+11
6.30213e+10,1.59638e+10,4.70575e+10
1.20819e+11,5.13579e+09,1.15683e+11
1.20819e+11,1.47545e+10,1.06065e+11
1.20819e+11,6.25152e+10,5.83039e+10
1.81298e+11,1.03489e+11,7.78087e+10
1.34318e+11,1.66481e+11,-3.21632e+10
1.36354e+11,2.80642e+11,-1.44288e+11
1.36354e+11,2.80642e+11,-1.44288e+11
1.36354e+11,3.36006e+11,-1.99652e+11
1.36354e+11,3.36006e+11,-1.99652e+11
1.36354e+11,3.36006e+11,-1.99652e+11
1.36354e+11,3.36006e+11,-1.99652e+11
1.36354e+11,2.60714e+11,-1.2436e+11
6.02759e+10,1.47079e+11,-8.68027e+10
6.02759e+10,1.47079e+11,-8.68027e+10
1.34227e+10,9.88097e+10,-8.5387e+10
1.34227e+10,4.09079e+10,-2.74852e+10
1.34227e+10,2.86888e+10,-1.52661e+10
